user_id,first_name,last_name,email,birthdate,occupation_id,gender_id,location_id
1,Mozes,Scritch,mscritch0@comsenz.com,1990-02-14,2030,0,1001
2,Wylma,Gier,wgier1@guardian.co.uk,1971-04-16,2120,0,1002
3,Kassia,Davenhall,kdavenhall2@flickr.com,1975-07-15,2160,0,1003
4,Magnum,Cranstone,mcranstone3@instagram.com,1978-09-16,2100,0,1004
5,Aili,Swire,aswire4@illinois.edu,2002-09-08,2060,0,1002
6,Shauna,Gandar,sgandar5@yahoo.com,1969-06-02,2020,1,1005
7,Samuel,Birrell,sbirrell6@samsung.com,1988-05-31,2050,1,1006
8,Nial,Veracruysse,nveracruysse7@google.ca,1968-01-25,2140,1,1007
9,Ulrica,Bentham3,ubentham8@mozilla.org,1971-12-31,2200,1,1008
10,Inigo,Kadwallider,ikadwallider9@addthis.com,1998-05-12,2020,0,1009
11,Cindi,Varnals,cvarnalsa@craigslist.org,1977-03-29,2090,0,1010
12,Prentiss,Edrich,pedrichb@utexas.edu,1971-08-06,2140,1,1011
13,Allyce,Prinnett,aprinnettc@bloomberg.com,1979-06-17,2120,0,1012
14,Elisha,Palomba,epalombad@1688.com,1973-01-08,2040,0,1013
15,Terri-jo,Morrell,tmorrelle@symantec.com,1995-04-12,2090,1,1014
16,Juliane,Laible,jlaiblef@posterous.com,1972-01-06,2100,1,1015
17,Susi,Beaven,sbeaveng@zimbio.com,1988-02-13,2040,0,1016
18,Elisha,Ninnotti,eninnottih@sciencedaily.com,1976-03-07,2120,0,1017
19,Theda,Dabels,tdabelsi@unesco.org,1994-03-21,2110,1,1018
20,Evangelin,Gouda,egoudaj@smugmug.com,1965-12-20,2190,0,1019
21,Myrvyn,Fandrey,mfandreyk@mit.edu,1977-01-21,2040,0,1020
22,Sascha,Cannan,scannanl@un.org,1976-08-29,2120,0,1021
23,Maxy,Antrobus,mantrobusm@seesaa.net,1986-05-31,2190,0,1022
24,Wrennie,Kybird,wkybirdn@amazon.com,1961-03-16,2110,1,1023
25,Ryann,Potts,rpottso@nba.com,1985-03-11,2170,0,1024
26,Ajay,Haythorn,ahaythornp@miibeian.gov.cn,1963-02-13,2060,0,1025
27,Hillary,Galier,hgalierq@over-blog.com,1984-09-20,2100,1,1020
28,Thebault,Tocknell,ttocknellr@wordpress.org,1993-02-19,2180,1,1026
29,Ursula,Heinig,uheinigs@adobe.com,1961-09-28,2020,1,1027
30,Bronny,Lidgate,blidgatet@imgur.com,1961-07-23,2070,1,1028
31,Audre,Alenshev,aalenshevu@netscape.com,1976-12-25,2020,1,1029
32,Andeee,Brenston,abrenstonv@wunderground.com,1968-04-05,2060,0,1030
33,Dulcia,Breitling,dbreitlingw@springer.com,2003-07-01,2040,0,1031
34,Chane,Capener,ccapenerx@themeforest.net,1980-04-17,2040,1,1032
35,Blondy,Besnardeau,bbesnardeauy@marriott.com,1964-11-19,2040,0,1033
36,Moshe,Onion,monionz@exblog.jp,1971-10-24,2150,0,1018
37,Valry,Dreier,vdreier10@aboutads.info,1977-07-24,2060,1,1034
38,Loralee,Guitel,lguitel11@simplemachines.org,1986-01-28,2020,1,1035
39,Quillan,Clayson,qclayson12@deviantart.com,1961-10-20,2060,0,1036
40,Evan,Mulrean,emulrean13@amazon.de,2000-01-14,2080,1,1019
41,Herve,Trundle,htrundle14@t-online.de,1982-04-15,2140,0,1037
42,Sheeree,Marzello,smarzello15@mysql.com,1965-08-03,2170,0,1002
43,Nikki,Edgson,nedgson16@naver.com,1980-12-27,2110,0,1038
44,Alameda,Beadnall,abeadnall17@bloglines.com,1974-02-28,2160,0,1039
45,Nikki,Swendell,nswendell18@tinypic.com,1976-04-11,2070,0,1034
46,Domini,Carley,dcarley19@shinystat.com,2004-06-12,2040,0,1040
47,Hertha,Gwyther,hgwyther1a@flavors.me,1972-10-18,2190,0,1041
48,Emmie,Yardy,eyardy1b@mac.com,2003-06-12,2080,0,1042
49,Lee,Utting,lutting1c@clickbank.net,1987-01-31,2020,0,1043
50,Darrick,Echlin,dechlin1d@histats.com,1971-08-07,2150,0,1044
51,Janot,Pantridge,jpantridge1e@1688.com,1992-04-29,2060,1,1045
52,Willow,Tommasetti,wtommasetti1f@nationalgeographic.com,2004-03-12,2050,1,1041
53,Harriet,Ainsworth,hainsworth1g@nifty.com,1964-03-30,2050,0,1039
54,Roma,Kmietsch,rkmietsch1h@xing.com,1965-06-24,2160,1,1046
55,Raynell,Naish,rnaish1i@cloudflare.com,1985-04-12,2160,1,1002
56,Minta,Sibbe,msibbe1j@1688.com,1969-11-22,2030,1,1047
57,Aleda,Doone,adoone1k@marketwatch.com,1964-10-06,2060,0,1048
58,Wylie,Prisley,wprisley1l@europa.eu,1970-09-26,2050,1,1049
59,Marsha,McIlroy,mmcilroy1m@fotki.com,1972-04-25,2190,1,1050
60,Konrad,Vigors,kvigors1n@mit.edu,1962-12-03,2010,0,1044
61,Willi,Sorby,wsorby1o@163.com,1966-06-03,2130,1,1051
62,Doy,Keyzor,dkeyzor1p@purevolume.com,1989-10-09,2150,1,1052
63,Elliott,Bartoleyn,ebartoleyn1q@patch.com,1993-02-15,2120,0,1053
64,Zebadiah,Seneschal,zseneschal1r@usa.gov,1994-03-07,2160,0,1054
65,Reyna,Diplock,rdiplock1s@ft.com,1972-09-13,2030,0,1055
66,Mic,Ohanessian,mohanessian1t@sphinn.com,1982-01-08,2130,0,1056
67,Liz,Dalliwatr,ldalliwatr1u@cpanel.net,1980-12-25,2030,1,1047
68,Elicia,Attwool,eattwool1v@springer.com,1993-10-25,2040,0,1057
69,Sinclare,Clowes,sclowes1w@va.gov,2002-06-27,2040,0,1058
70,Lin,Havoc,lhavoc1x@com.com,1972-10-29,2130,0,1059
71,Marin,Hunstone,mhunstone1y@geocities.jp,1996-10-16,2130,1,1060
72,Heriberto,Silbermann,hsilbermann1z@ed.gov,1985-01-01,2020,0,1061
73,Dalli,Jansson,djansson20@xrea.com,1999-02-26,2080,1,1062
74,Chrissie,Gini,cgini21@engadget.com,1996-05-12,2160,0,1002
75,Ethelda,Cheeld,echeeld22@spotify.com,1984-10-27,2080,0,1063
76,Lynnelle,Matejic,lmatejic23@github.io,1992-04-07,2160,0,1064
77,Cher,Challener,cchallener24@wikispaces.com,1960-06-12,2100,0,1065
78,Moses,Cuttles,mcuttles25@dell.com,1977-02-28,2140,1,1021
79,Web,Reeson,wreeson26@shutterfly.com,1969-01-18,2110,0,1066
80,Jenilee,Livard,jlivard27@google.com.au,1974-10-27,2170,1,1067
81,Urbain,Iannuzzi,uiannuzzi28@timesonline.co.uk,1987-02-18,2170,0,1068
82,Merwin,Drissell,mdrissell29@baidu.com,1974-10-30,2160,0,1069
83,Alphonso,Frowd,afrowd2a@auda.org.au,1983-04-03,2060,1,1027
84,Abby,Doers,adoers2b@apple.com,1972-11-06,2110,1,1017
85,Enrique,Housecroft,ehousecroft2c@techcrunch.com,1969-08-08,2010,0,1046
86,Fairleigh,Nutley,fnutley2d@cpanel.net,2001-07-23,2050,0,1070
87,Wileen,McBlain,wmcblain2e@wikia.com,2001-09-23,2080,1,1028
88,Godfree,Durak,gdurak2f@ucsd.edu,1990-01-07,2100,0,1024
89,Tonye,Reede,treede2g@google.es,1977-03-29,2100,0,1071
90,Dorthea,Welden,dwelden2h@pagesperso-orange.fr,2000-01-11,2100,1,1006
91,Calvin,Chaffer,cchaffer2i@telegraph.co.uk,1984-09-24,2030,1,1072
92,Wilbert,Kerwood,wkerwood2j@themeforest.net,1966-02-18,2070,0,1073
93,Leilah,Kitteman,lkitteman2k@utexas.edu,2002-06-24,2120,0,1074
94,Kennith,Nelthropp,knelthropp2l@marriott.com,2001-07-20,2130,0,1068
95,Giovanna,Baggot,gbaggot2m@chronoengine.com,1983-12-06,2190,0,1075
96,Carlie,Traylen,ctraylen2n@unicef.org,1978-01-24,2060,0,1076
97,Ellene,MacKomb,emackomb2o@slate.com,1960-11-20,2110,0,1077
98,Hammad,Lathwell,hlathwell2p@tiny.cc,1965-06-24,2010,0,1078
99,Far,Yakobowitch,fyakobowitch2q@rakuten.co.jp,1979-04-08,2150,0,1067
100,Andrus,Neggrini,aneggrini2r@abc.net.au,1989-04-25,2180,0,1079
101,Meredith,Worlock,mworlock2s@google.cn,1986-12-03,2060,1,1024
102,Rikki,Rarity,rrarity2t@twitter.com,1988-02-21,2100,1,1080
103,Maris,Riccioppo,mriccioppo2u@psu.edu,1981-01-19,2080,1,1035
104,Ogden,Maulkin,omaulkin2v@w3.org,1991-05-03,2040,0,1055
105,Erda,Cheney,echeney2w@eepurl.com,1999-11-13,2120,0,1081
106,Aldon,Waterhowse,awaterhowse2x@cbc.ca,1988-06-25,2140,1,1082
107,Marleah,Kirsche,mkirsche2y@bigcartel.com,1989-02-22,2110,1,1083
108,Georgena,Pisco,gpisco2z@fotki.com,1977-02-22,2110,0,1023
109,Rutter,Crone,rcrone30@wikia.com,1977-12-24,2110,1,1010
110,Michale,Oseland,moseland31@berkeley.edu,1986-11-02,2030,0,1012
111,Chrisy,Wotherspoon,cwotherspoon32@newsvine.com,2004-06-27,2150,0,1084
112,Walther,Copeland,wcopeland33@howstuffworks.com,1985-07-21,2140,0,1085
113,Chevy,Beahan,cbeahan34@latimes.com,1997-10-20,2200,1,1086
114,Janek,Corr,jcorr35@ustream.tv,1966-05-18,2070,0,1087
115,Oralia,Linnett,olinnett36@biblegateway.com,1981-08-07,2140,1,1088
116,Estele,Covington,ecovington37@a8.net,1974-03-14,2070,1,1055
117,Roanna,Gontier,rgontier38@blog.com,1967-03-28,2140,0,1089
118,Laurie,Blaksley,lblaksley39@ovh.net,1994-12-02,2100,0,1090
119,Maribeth,Tierney,mtierney3a@google.nl,2000-02-15,2200,1,1010
120,Franciska,Durrance,fdurrance3b@fotki.com,1965-08-30,2180,0,1018
121,Tamera,Vakhlov,tvakhlov3c@arstechnica.com,1980-03-29,2030,1,1091
122,Mommy,Janku,mjanku3d@people.com.cn,2001-11-02,2100,0,1092
123,Brion,Lafay,blafay3e@networksolutions.com,1990-11-09,2010,0,1093
124,Jude,Ervine,jervine3f@ifeng.com,1987-01-02,2070,1,1032
125,Zolly,Fairclough,zfairclough3g@psu.edu,2001-07-24,2180,1,1094
126,Julietta,Tembey,jtembey3h@amazon.com,1981-03-19,2050,0,1095
127,Elberta,Windram,ewindram3i@tinypic.com,2000-12-01,2150,1,1090
128,Bord,Blenkensop,bblenkensop3j@unc.edu,1986-05-31,2090,0,1096
129,Barney,Barnbrook,bbarnbrook3k@jigsy.com,1972-11-15,2150,0,1079
130,Hort,Purkins,hpurkins3l@fema.gov,1974-02-19,2090,1,1097
131,Giovanni,Pilipyak,gpilipyak3m@constantcontact.com,1976-07-17,2030,0,1047
132,Betsy,Matej,bmatej3n@rediff.com,1980-10-01,2090,0,1044
133,Gaelan,Ridge,gridge3o@ca.gov,1995-04-03,2140,0,1052
134,Nalani,Glaisner,nglaisner3p@wix.com,1967-02-04,2150,1,1050
135,Margareta,Daleman,mdaleman3q@printfriendly.com,1986-09-06,2160,1,1023
136,Ezra,Kubiak,ekubiak3r@booking.com,1994-10-16,2130,1,1098
137,Wolf,Kielt,wkielt3s@plala.or.jp,1989-05-28,2090,0,1012
138,Magdalena,Spinney,mspinney3t@jalbum.net,1964-12-17,2050,1,1012
139,Skippy,Smullen,ssmullen3u@who.int,1980-01-06,2150,1,1023
140,Tammie,Fortescue,tfortescue3v@typepad.com,1960-07-14,2030,0,1099
141,Glad,Wildman,gwildman3w@nps.gov,1965-08-29,2190,0,1100
142,Gerald,Dominec,gdominec3x@npr.org,1970-05-19,2160,1,1080
143,Karry,MacAlpyne,kmacalpyne3y@hao123.com,1992-05-01,2050,0,1051
144,Otes,Copp,ocopp3z@smh.com.au,1977-03-15,2110,1,1101
145,Fifine,Kirke,fkirke40@ed.gov,1996-08-28,2040,1,1102
146,Rudyard,Ussher,russher41@alexa.com,1970-11-28,2070,0,1103
147,Marlo,Chevalier,mchevalier42@google.co.uk,1986-06-21,2090,1,1104
148,Laurene,Blois,lblois43@smh.com.au,2001-11-01,2110,0,1062
149,Boniface,Andreuzzi,bandreuzzi44@hao123.com,1990-11-12,2040,0,1105
150,Jolie,Poppleton,jpoppleton45@moonfruit.com,1990-05-28,2130,1,1106
151,Gareth,Crowden,gcrowden46@abc.net.au,1980-07-16,2160,0,1107
152,Ryley,Kobiera,rkobiera47@bluehost.com,1962-01-28,2080,1,1012
153,Maddy,Haydon,mhaydon48@cafepress.com,1963-07-21,2090,0,1108
154,Ralph,Renton,rrenton49@acquirethisname.com,2000-08-18,2060,0,1109
155,Cassie,Tevlin,ctevlin4a@flavors.me,1962-10-28,2160,1,1110
156,Anna-diana,Donneely,adonneely4b@time.com,2003-02-04,2060,1,1054
157,Dalila,Beetham,dbeetham4c@smugmug.com,1969-01-29,2200,1,1081
158,August,Hodjetts,ahodjetts4d@behance.net,1987-06-18,2130,0,1111
159,Petronia,Matschuk,pmatschuk4e@cyberchimps.com,1964-10-16,2030,0,1112
160,Chiarra,Caldero,ccaldero4f@com.com,2000-10-20,2180,1,1113
161,Avril,Japp,ajapp4g@cnbc.com,1998-01-24,2200,0,1114
162,Nanni,Ossulton,nossulton4h@unc.edu,1969-01-01,2030,0,1036
163,Tanhya,Brownsett,tbrownsett4i@eepurl.com,1982-06-07,2110,1,1115
164,Nikoletta,Budget,nbudget4j@mac.com,1979-11-19,2080,1,1116
165,Gustave,McRitchie,gmcritchie4k@altervista.org,1963-10-29,2080,1,1100
166,Friedrick,Cowdrey,fcowdrey4l@nydailynews.com,1999-07-06,2120,0,1117
167,Silvain,Cubbinelli,scubbinelli4m@blogspot.com,1997-07-22,2110,0,1118
168,Filberte,Barnaclough,fbarnaclough4n@wisc.edu,1998-06-22,2170,1,1119
169,Marlo,Shropsheir,mshropsheir4o@youku.com,1993-11-11,2080,0,1120
170,Berry,Etuck,betuck4p@phpbb.com,2002-02-24,2080,1,1066
171,Lefty,Pullman,lpullman4q@usda.gov,1987-01-28,2140,1,1121
172,Valera,Alwood,valwood4r@multiply.com,1963-01-05,2140,0,1018
173,Nathanil,Skamell,nskamell4s@mac.com,1997-06-10,2150,1,1027
174,Arliene,Ayrton,aayrton4t@alibaba.com,1974-05-07,2140,0,1122
175,Mabel,Hanks,mhanks4u@sciencedaily.com,2002-02-15,2130,1,1123
176,Gunner,Tubritt,gtubritt4v@blogtalkradio.com,1988-12-27,2130,0,1112
177,Philis,Knight,pknight4w@loc.gov,1974-08-22,2120,1,1109
178,Elfrieda,Benezet,ebenezet4x@amazon.de,1973-05-11,2200,1,1124
179,Edlin,Lightbourn,elightbourn4y@networkadvertising.org,1964-01-11,2140,0,1002
180,Walliw,Chesnay,wchesnay4z@friendfeed.com,2001-05-01,2030,1,1063
181,Modestia,Cromett,mcromett50@ucsd.edu,2001-12-06,2020,1,1125
182,Grover,Mohamed,gmohamed51@admin.ch,1963-11-22,2070,1,1126
183,Kelci,Arents,karents52@constantcontact.com,1988-07-21,2040,0,1127
184,Yasmin,Vallentin,yvallentin53@linkedin.com,1997-06-03,2140,0,1128
185,Ange,Coats,acoats54@time.com,1961-02-21,2120,0,1096
186,Isaac,Giacoppo,igiacoppo55@vimeo.com,1993-10-07,2120,0,1055
187,Mabel,Carruth,mcarruth56@spotify.com,1984-04-17,2120,1,1030
188,Dale,Ladyman,dladyman57@ow.ly,1973-02-17,2080,0,1039
189,Ginni,McCafferky,gmccafferky58@reference.com,1960-02-28,2200,1,1129
190,Allianora,Haney`,ahaney59@purevolume.com,1974-12-25,2060,0,1029
191,Mathe,Calderbank,mcalderbank5a@hugedomains.com,1960-10-25,2060,0,1025
192,Angie,Streatfeild,astreatfeild5b@sun.com,1994-07-13,2170,0,1036
193,Yulma,Bernetti,ybernetti5c@topsy.com,1966-08-06,2130,1,1130
194,Stefano,Redhole,sredhole5d@technorati.com,1966-07-13,2070,0,1048
195,Clim,Daubney,cdaubney5e@webmd.com,2002-02-23,2110,1,1131
196,Lea,Partner,lpartner5f@patch.com,1982-09-21,2050,0,1132
197,Emlyn,Resdale,eresdale5g@is.gd,1976-11-22,2190,0,1017
198,Vanessa,Paddington,vpaddington5h@spiegel.de,1986-12-12,2090,0,1009
199,Bathsheba,Brisbane,bbrisbane5i@chicagotribune.com,1988-02-29,2190,1,1019
200,Godfree,Reye,greye5j@posterous.com,1964-08-02,2080,0,1133
201,Jose,Mattholie,jmattholie5k@edublogs.org,1977-06-02,2040,1,1134
202,Freedman,Dumbelton,fdumbelton5l@cornell.edu,1999-02-07,2100,0,1038
203,Indira,Chainey,ichainey5m@posterous.com,1960-08-15,2160,0,1135
204,Nari,Ibbs,nibbs5n@cbc.ca,1974-06-09,2100,0,1029
205,Garek,Edmed,gedmed5o@so-net.ne.jp,1983-11-21,2120,0,1136
206,Tawsha,Corre,tcorre5p@pagesperso-orange.fr,1999-05-05,2200,1,1006
207,Ariana,Jessett,ajessett5q@deliciousdays.com,1962-11-10,2030,0,1068
208,Teresina,Shirt,tshirt5r@mozilla.org,1966-09-18,2180,0,1137
209,Dulcie,Mears,dmears5s@usda.gov,1977-01-20,2040,0,1138
210,Kiri,Raraty,kraraty5t@blogger.com,2002-08-11,2140,0,1138
211,Inglebert,Guidi,iguidi5u@youtu.be,1988-12-06,2170,0,1089
212,Cordy,Ivancevic,civancevic5v@hud.gov,1992-01-23,2120,1,1139
213,Karoly,Trevett,ktrevett5w@vkontakte.ru,1989-07-15,2140,1,1140
214,Lexie,Storks,lstorks5x@ft.com,1976-06-22,2080,0,1070
215,Obadiah,McLeese,omcleese5y@nationalgeographic.com,1985-02-10,2140,0,1058
216,Reine,O'Hannigan,rohannigan5z@jiathis.com,1986-03-19,2200,1,1081
217,Calli,"O' Mullan",comullan60@dropbox.com,1983-11-23,2160,1,1021
218,Edmund,Willmore,ewillmore61@hp.com,1992-11-01,2190,1,1041
219,Paloma,Stut,pstut62@rediff.com,1964-09-10,2050,0,1027
220,Rickard,Huonic,rhuonic63@usnews.com,1973-03-30,2140,1,1141
221,Clare,Wrightam,cwrightam64@taobao.com,1995-09-18,2070,0,1142
222,Catharine,Bodleigh,cbodleigh65@tiny.cc,1995-09-04,2110,1,1143
223,Sydelle,Haws,shaws66@imdb.com,1999-08-14,2170,1,1012
224,Silvia,Vasilevich,svasilevich67@discovery.com,2003-02-25,2120,1,1046
225,Marisa,Haddock,mhaddock68@google.ru,1984-01-25,2170,1,1047
226,Isacco,Cann,icann69@theglobeandmail.com,1998-04-26,2060,1,1144
227,Tremayne,Wheatley,twheatley6a@chronoengine.com,1961-05-17,2200,1,1062
228,Hyacinthia,MacGettigen,hmacgettigen6b@de.vu,1987-02-27,2090,1,1012
229,Sharia,Collcott,scollcott6c@msn.com,1985-07-25,2160,1,1012
230,Elston,Eaves,eeaves6d@elegantthemes.com,1966-05-07,2150,1,1014
231,Hali,Colegrove,hcolegrove6e@bandcamp.com,1984-06-06,2130,1,1122
232,Rafael,Bracken,rbracken6f@un.org,1983-11-27,2010,1,1145
233,Killie,"O' Mara",komara6g@fda.gov,1978-02-05,2060,1,1054
234,Angie,Anderbrugge,aanderbrugge6h@cafepress.com,1971-12-30,2060,1,1146
235,Sergent,Pasmore,spasmore6i@liveinternet.ru,1993-01-21,2160,0,1147
236,Mireielle,Brickner,mbrickner6j@vk.com,1980-09-10,2170,1,1005
237,Aylmar,Astill,aastill6k@usatoday.com,1987-01-13,2010,0,1148
238,Alfie,Walden,awalden6l@jiathis.com,1987-02-07,2120,0,1059
239,Orbadiah,Billham,obillham6m@moonfruit.com,1994-11-28,2090,1,1149
240,Kelli,Sarfas,ksarfas6n@engadget.com,1974-11-03,2030,0,1055
241,Andromache,Covington,acovington6o@si.edu,1970-12-10,2160,0,1109
242,Kailey,Sabathe,ksabathe6p@dagondesign.com,1976-03-17,2010,1,1149
243,Elsie,Scarce,escarce6q@amazon.de,2004-01-10,2140,1,1150
244,Jada,Fossick,jfossick6r@ft.com,1976-04-06,2080,0,1023
245,Giorgi,Parzis,gparzis6s@is.gd,1981-01-08,2170,1,1071
246,Fallon,Gianuzzi,fgianuzzi6t@youtube.com,1990-12-10,2010,0,1151
247,Maisey,Winkworth,mwinkworth6u@economist.com,1982-03-08,2180,0,1057
248,Lenka,Longrigg,llongrigg6v@hibu.com,1979-12-05,2020,0,1019
249,Amabelle,Bedborough,abedborough6w@mayoclinic.com,1998-03-29,2180,0,1152
250,Cloris,Matterson,cmatterson6x@infoseek.co.jp,1985-05-24,2040,1,1028
251,Husein,Wrathmell,hwrathmell6y@gravatar.com,1973-01-22,2070,0,1048
252,Tanny,Jacquot,tjacquot6z@gizmodo.com,1964-07-03,2150,0,1153
253,Van,Chessill,vchessill70@amazon.co.jp,1985-02-09,2160,1,1002
254,Harold,Briamo,hbriamo71@quantcast.com,1992-01-30,2150,0,1012
255,Alasdair,Bignal,abignal72@sohu.com,1967-04-22,2050,1,1154
256,Maritsa,Goodband,mgoodband73@cmu.edu,2003-06-03,2120,1,1044
257,Tiffy,Wooding,twooding74@macromedia.com,1972-02-07,2160,1,1155
258,Demetris,Habershaw,dhabershaw75@china.com.cn,1972-12-14,2160,1,1156
259,Daphene,Warbrick,dwarbrick76@miibeian.gov.cn,1978-11-15,2120,1,1024
260,Lucy,Cheston,lcheston77@google.fr,1993-03-29,2160,0,1157
261,Charmine,Drinkhall,cdrinkhall78@1und1.de,2004-04-05,2010,1,1110
262,Aguste,Cassell,acassell79@wunderground.com,1970-02-05,2160,1,1158
263,Horatio,Cohalan,hcohalan7a@google.com.hk,1987-06-03,2190,0,1031
264,Beverly,Prestland,bprestland7b@trellian.com,1961-12-23,2140,1,1159
265,Eugene,O'Currane,eocurrane7c@odnoklassniki.ru,1997-06-13,2130,1,1066
266,Franky,Lyffe,flyffe7d@ycombinator.com,1963-09-26,2090,0,1024
267,Shirley,Dagon,sdagon7e@vinaora.com,1961-11-01,2090,0,1160
268,Forrester,Craft,fcraft7f@paginegialle.it,1995-10-18,2160,1,1056
269,Janel,Parlot,jparlot7g@narod.ru,1960-04-24,2200,0,1067
270,Eachelle,Sibley,esibley7h@csmonitor.com,2002-11-07,2070,0,1161
271,Jaclyn,Fuzzard,jfuzzard7i@dailymotion.com,1975-08-05,2010,1,1162
272,Cristal,Merrgen,cmerrgen7j@yahoo.co.jp,2002-10-11,2160,1,1163
273,Mason,Heam,mheam7k@edublogs.org,1976-06-26,2040,0,1107
274,Camilla,Imesen,cimesen7l@tinyurl.com,1971-01-19,2080,0,1049
275,Rickert,Cumbers,rcumbers7m@home.pl,1975-07-12,2170,0,1164
276,Chick,Limpenny,climpenny7n@cisco.com,1960-08-12,2030,1,1093
277,Brent,Warham,bwarham7o@illinois.edu,2003-06-04,2030,0,1047
278,Keefe,Botger,kbotger7p@t.co,1967-12-19,2150,0,1067
279,Alix,Matura,amatura7q@wikispaces.com,1994-01-04,2030,0,1115
280,Nap,Birnie,nbirnie7r@reverbnation.com,1981-03-23,2070,0,1160
281,Roxanna,Sobczak,rsobczak7s@google.com.au,2004-02-13,2130,0,1120
282,Paolo,Naylor,pnaylor7t@goo.ne.jp,1972-08-20,2060,0,1021
283,Ellis,Maxsted,emaxsted7u@discovery.com,1979-12-19,2160,0,1050
284,Frazer,Cominotti,fcominotti7v@canalblog.com,1993-11-27,2140,0,1165
285,Si,Fontes,sfontes7w@usnews.com,2003-06-20,2010,0,1039
286,Ramsay,Crosen,rcrosen7x@typepad.com,1986-03-01,2090,1,1017
287,Rachel,Yates,ryates7y@xrea.com,1975-02-20,2100,0,1156
288,Henri,Gellion,hgellion7z@virginia.edu,1964-04-14,2200,1,1166
289,Lari,Schieferstein,lschieferstein80@boston.com,2002-03-12,2110,1,1167
290,Tanya,Perschke,tperschke81@is.gd,1980-09-14,2020,0,1168
291,Ari,Shackelton,ashackelton82@weebly.com,1986-05-11,2100,1,1169
292,Zuzana,Gadney,zgadney83@mozilla.org,1981-03-26,2190,0,1170
293,Berrie,Moryson,bmoryson84@1688.com,2004-12-30,2120,1,1002
294,Lek,Strongitharm,lstrongitharm85@europa.eu,1985-03-05,2140,0,1057
295,Valenka,"Cherry Holme",vcherryholme86@reuters.com,1987-03-19,2130,0,1105
296,Loni,Ruste,lruste87@4shared.com,1960-04-17,2120,0,1033
297,Stevena,Hitschke,shitschke88@illinois.edu,1981-01-15,2200,1,1081
298,Celeste,McNeil,cmcneil89@wix.com,1969-03-31,2160,0,1038
299,Eberhard,Duesbury,eduesbury8a@narod.ru,1984-08-13,2100,0,1017
300,Harman,McGuffie,hmcguffie8b@army.mil,1986-07-08,2050,0,1171
301,Tallie,Klemencic,tklemencic8c@mysql.com,1990-12-14,2030,0,1040
302,Willdon,Creser,wcreser8d@harvard.edu,1990-12-11,2010,0,1172
303,Niccolo,Odom,nodom8e@dropbox.com,2002-05-12,2040,0,1021
304,Charlean,Conor,cconor8f@tripadvisor.com,1966-05-30,2180,0,1173
305,Danette,Scole,dscole8g@purevolume.com,1981-11-01,2060,0,1174
306,Kimble,Balnave,kbalnave8h@chron.com,1987-12-15,2170,1,1175
307,Doro,Caustick,dcaustick8i@cloudflare.com,1995-01-16,2020,1,1176
308,Penni,Aslett,paslett8j@unicef.org,1995-04-12,2030,1,1177
309,Kate,Fruchter,kfruchter8k@engadget.com,1970-07-23,2140,1,1178
310,Dion,Austick,daustick8l@creativecommons.org,1996-02-28,2150,1,1101
311,Chelsea,Yarwood,cyarwood8m@posterous.com,1986-05-26,2080,1,1136
312,Lucie,Croall,lcroall8n@issuu.com,1971-11-30,2090,1,1179
313,Mandy,Jako,mjako8o@blogspot.com,2005-01-11,2150,0,1180
314,Anthe,Gian,agian8p@gravatar.com,1973-12-31,2040,0,1109
315,Marlyn,Monte,mmonte8q@opera.com,1985-06-20,2130,0,1181
316,Aurelie,Shipway,ashipway8r@icq.com,1997-08-31,2120,1,1012
317,Bill,Darell,bdarell8s@timesonline.co.uk,1982-11-12,2170,1,1152
318,Eugenio,Boothman,eboothman8t@slideshare.net,1972-08-11,2100,1,1182
319,Phineas,Gisborne,pgisborne8u@wix.com,1988-11-12,2090,1,1167
320,Ferrell,Younie,fyounie8v@umn.edu,2003-03-03,2150,0,1183
321,Michal,Allix,mallix8w@rakuten.co.jp,1982-05-04,2020,1,1162
322,Carlotta,MacMenamin,cmacmenamin8x@wikispaces.com,1983-05-24,2190,1,1135
323,Rog,Fletcher,rfletcher8y@wix.com,1995-03-06,2110,1,1118
324,Corene,Kilmister,ckilmister8z@ted.com,1984-12-04,2050,0,1022
325,Joleen,Hunnywell,jhunnywell90@ucoz.com,1963-07-04,2150,1,1109
326,Shirlene,Cocozza,scocozza91@zimbio.com,1978-12-11,2160,0,1184
327,Jocelyne,Tookill,jtookill92@ibm.com,1967-02-20,2140,1,1136
328,Byrom,Deem,bdeem93@noaa.gov,1961-06-02,2180,1,1185
329,Stearne,Deluce,sdeluce94@narod.ru,1962-01-22,2200,0,1050
330,Kelila,Ralls,kralls95@quantcast.com,1988-02-16,2060,0,1186
331,Nikolaos,Piotrkowski,npiotrkowski96@tumblr.com,1961-11-14,2200,0,1057
332,Elisabeth,Tonkin,etonkin97@cdbaby.com,1995-03-04,2120,1,1187
333,Spenser,Roblett,sroblett98@homestead.com,1971-01-29,2040,1,1127
334,Rosamond,Spurret,rspurret99@about.me,1984-02-20,2190,0,1188
335,Antony,Belleny,abelleny9a@cbc.ca,1965-02-27,2010,0,1019
336,Suzie,Leworthy,sleworthy9b@skype.com,2001-11-20,2170,1,1189
337,Roland,Burd,rburd9c@fastcompany.com,1986-05-16,2140,0,1002
338,Aveline,Levermore,alevermore9d@aboutads.info,1976-01-23,2200,0,1009
339,Georgianne,Byres,gbyres9e@woothemes.com,1975-09-09,2040,1,1190
340,Brendin,Nizard,bnizard9f@bbc.co.uk,1997-02-28,2190,1,1191
341,Isacco,Dilon,idilon9g@berkeley.edu,1963-02-05,2170,0,1057
342,Ellissa,Whymark,ewhymark9h@mayoclinic.com,1988-04-08,2090,0,1154
343,Fee,Jorgesen,fjorgesen9i@gov.uk,1988-04-04,2190,0,1192
344,Parsifal,Burnside,pburnside9j@cloudflare.com,1983-11-19,2060,1,1094
345,Brod,Riediger,briediger9k@usgs.gov,2004-06-13,2090,1,1097
346,Shannon,Kupis,skupis9l@paypal.com,1997-01-20,2150,1,1193
347,Anneliese,Ivushkin,aivushkin9m@bravesites.com,1987-07-20,2110,1,1177
348,Bastian,Tamburo,btamburo9n@msn.com,1991-10-22,2160,0,1068
349,Carlotta,Cussins,ccussins9o@ibm.com,1973-12-11,2010,1,1120
350,Haskel,Menichini,hmenichini9p@google.fr,2004-12-05,2020,0,1055
351,Evelin,Feavers,efeavers9q@businessinsider.com,1999-09-27,2030,0,1073
352,Cicely,Iacobini,ciacobini9r@zdnet.com,1991-10-20,2030,0,1029
353,Adel,Stoaks,astoaks9s@furl.net,1984-05-25,2060,0,1075
354,Annadiane,Renols,arenols9t@miibeian.gov.cn,1975-03-29,2120,1,1122
355,Kimmy,Lodin,klodin9u@economist.com,1985-11-30,2040,0,1123
356,Latisha,Mullally,lmullally9v@abc.net.au,1965-12-08,2150,1,1057
357,Viv,Durman,vdurman9w@mozilla.org,2003-11-13,2130,1,1194
358,Osbert,Easby,oeasby9x@slate.com,1999-11-08,2160,1,1055
359,Lanie,Pilch,lpilch9y@imdb.com,1979-09-25,2140,0,1175
360,Boothe,Kovacs,bkovacs9z@time.com,1974-09-24,2130,0,1195
361,Whitney,Kleinstub,wkleinstuba0@nbcnews.com,1992-12-27,2190,1,1196
362,Corey,Moulson,cmoulsona1@prnewswire.com,1990-07-24,2170,0,1011
363,Torrie,Luciani,tluciania2@google.fr,1983-06-03,2050,0,1020
364,Bengt,Herrema,bherremaa3@patch.com,1989-01-22,2170,0,1197
365,Giavani,Kingswoode,gkingswoodea4@indiegogo.com,1960-12-07,2150,0,1170
366,Beitris,Vye,bvyea5@photobucket.com,1984-08-23,2180,0,1019
367,Webster,Kidds,wkiddsa6@topsy.com,1978-08-15,2190,0,1033
368,Godfry,Irvin,girvina7@1688.com,1979-10-30,2060,1,1117
369,Ximenez,Crowcher,xcrowchera8@google.ru,1999-03-09,2020,1,1034
370,Meier,Volant,mvolanta9@bloglovin.com,1974-12-26,2110,1,1073
371,Luce,Colten,lcoltenaa@rambler.ru,1981-08-15,2190,1,1198
372,Arron,Raggett,araggettab@sogou.com,1971-12-24,2020,0,1121
373,Nichole,Hembry,nhembryac@wiley.com,1994-06-19,2180,1,1049
374,Kliment,Gligoraci,kgligoraciad@wiley.com,1961-06-12,2070,0,1150
375,Mitchael,Fishly,mfishlyae@hhs.gov,1988-11-23,2040,0,1077
376,Shawn,Darkin,sdarkinaf@fastcompany.com,1974-09-02,2110,1,1199
377,Manny,Koche,mkocheag@pen.io,1964-08-26,2020,1,1065
378,Cherri,Gunther,cguntherah@toplist.cz,1997-08-06,2110,1,1140
379,Silvie,Vlach,svlachai@github.com,1970-04-15,2130,0,1012
380,Bobby,Lindborg,blindborgaj@histats.com,2001-04-19,2170,1,1107
381,Erv,Rowlett,erowlettak@vimeo.com,1991-01-23,2190,0,1200
382,Eleni,Dotson,edotsonal@apple.com,2000-04-20,2120,0,1201
383,Ogdon,Kopje,okopjeam@nasa.gov,1988-12-28,2070,0,1202
384,Licha,"De Blasiis",ldeblasiisan@ning.com,1999-12-30,2090,1,1195
385,Darcy,McKue,dmckueao@reuters.com,2003-06-05,2140,1,1129
386,Melinda,Cowlas,mcowlasap@1688.com,1974-09-21,2160,1,1110
387,Binni,Swatland,bswatlandaq@icio.us,1968-10-18,2180,1,1081
388,Olva,Callan,ocallanar@latimes.com,1963-07-06,2090,0,1073
389,Louise,Puleque,lpulequeas@so-net.ne.jp,1983-08-29,2090,1,1203
390,Baxy,Dabner,bdabnerat@google.pl,1981-03-12,2040,1,1100
391,Tandy,Bolstridge,tbolstridgeau@cnbc.com,1974-05-08,2070,1,1204
392,Had,Labbati,hlabbatiav@squidoo.com,1995-02-08,2080,1,1126
393,Doria,Levins,dlevinsaw@plala.or.jp,1987-01-23,2130,1,1003
394,Betteanne,Karmel,bkarmelax@fc2.com,1965-04-23,2150,1,1199
395,Rooney,Hanssmann,rhanssmannay@prnewswire.com,1970-12-10,2090,1,1198
396,Elsinore,O'Dreain,eodreainaz@wiley.com,1968-03-11,2060,1,1193
397,Tito,Ivett,tivettb0@icio.us,1960-04-21,2130,1,1205
398,Angie,Fitch,afitchb1@hugedomains.com,1970-05-01,2050,0,1145
399,Cchaddie,Lathey,clatheyb2@acquirethisname.com,1986-02-03,2130,0,1095
400,Sampson,Sillick,ssillickb3@reverbnation.com,1994-04-29,2060,0,1206
401,Wake,Mulligan,wmulliganb4@addthis.com,1970-07-13,2080,0,1195
402,Kori,Rennard,krennardb5@latimes.com,1997-10-23,2020,0,1207
403,Merrick,Pepperell,mpepperellb6@gov.uk,1960-10-20,2130,1,1208
404,Bonny,Janes,bjanesb7@blogtalkradio.com,1963-01-15,2200,0,1167
405,Burch,Bowe,bboweb8@is.gd,1984-10-13,2090,1,1080
406,Catherin,Knox,cknoxb9@yellowbook.com,2001-08-14,2010,0,1209
407,Huberto,Alan,halanba@loc.gov,1992-03-19,2140,0,1145
408,Phylys,Gibbie,pgibbiebb@elpais.com,1964-09-03,2020,1,1098
409,Cheslie,Billiard,cbilliardbc@netvibes.com,1977-03-30,2060,0,1067
410,Barris,Gilluley,bgilluleybd@networkadvertising.org,1970-01-30,2160,0,1069
411,Lethia,Harrison,lharrisonbe@phpbb.com,1960-02-24,2100,1,1150
412,Otha,Willmont,owillmontbf@blinklist.com,1966-02-26,2010,1,1185
413,Wakefield,Ruppert,wruppertbg@privacy.gov.au,1986-05-15,2140,0,1210
414,Garvey,Beat,gbeatbh@wired.com,1971-06-13,2120,0,1211
415,Lacee,Sherborne,lsherbornebi@bbc.co.uk,1983-09-24,2110,1,1070
416,Giana,Kenningley,gkenningleybj@purevolume.com,2004-04-10,2020,1,1177
417,Jayson,Owenson,jowensonbk@princeton.edu,1986-10-04,2020,0,1069
418,Ring,Dietmar,rdietmarbl@blog.com,2004-07-27,2150,1,1046
419,Fabio,Matteau,fmatteaubm@businessinsider.com,1963-12-23,2030,1,1170
420,Vania,Rochford,vrochfordbn@nbcnews.com,1987-01-17,2080,0,1046
421,Marcelo,Dudgeon,mdudgeonbo@123-reg.co.uk,1997-11-20,2060,0,1162
422,Mareah,Beggs,mbeggsbp@de.vu,1988-11-05,2050,0,1095
423,June,Vannet,jvannetbq@arstechnica.com,1987-11-08,2080,1,1081
424,Sissie,Rastall,srastallbr@google.com.au,1969-02-22,2110,0,1212
425,Gwenny,O'Hannay,gohannaybs@cbsnews.com,1979-05-06,2140,0,1130
426,Keefe,Klein,kkleinbt@samsung.com,1970-08-15,2140,0,1213
427,Viv,Oslar,voslarbu@linkedin.com,1989-10-17,2070,1,1037
428,Wye,Haskett,whaskettbv@npr.org,1971-10-31,2070,1,1136
429,Analise,Pearsey,apearseybw@home.pl,1971-12-13,2040,0,1214
430,Patrizia,Skaife,pskaifebx@prweb.com,1999-01-14,2180,1,1122
431,Lyman,Worman,lwormanby@xinhuanet.com,1989-12-30,2100,0,1017
432,Maudie,Burrage,mburragebz@yellowpages.com,1979-03-22,2160,1,1055
433,Karoline,Colebourne,kcolebournec0@admin.ch,1988-12-27,2070,0,1215
434,Porter,Mathan,pmathanc1@digg.com,1987-08-08,2200,1,1167
435,Meade,Norquoy,mnorquoyc2@usda.gov,1993-09-14,2060,1,1064
436,Heloise,Cleveley,hcleveleyc3@youku.com,1997-11-26,2020,1,1216
437,Omar,Probate,oprobatec4@mediafire.com,1960-11-07,2110,1,1122
438,Rory,Forcer,rforcerc5@pinterest.com,1971-10-03,2070,0,1022
439,Ana,Reder,arederc6@cbc.ca,1977-04-02,2030,0,1093
440,Sheelagh,Spir,sspirc7@sciencedaily.com,1973-01-01,2160,0,1217
441,Margarette,Lukacs,mlukacsc8@google.com.br,1982-04-04,2100,1,1071
442,Albina,McKain,amckainc9@cyberchimps.com,1974-01-10,2100,1,1218
443,Bettye,McCaighey,bmccaigheyca@mit.edu,2003-12-01,2200,1,1002
444,Charmane,Scherer,cscherercb@cbslocal.com,1968-02-21,2060,1,1214
445,Cynthy,Hartington,chartingtoncc@1und1.de,1965-04-06,2010,0,1219
446,Sela,Ledes,sledescd@twitpic.com,1993-07-23,2050,0,1220
447,Thaddus,Castan,tcastance@privacy.gov.au,2004-03-18,2090,0,1142
448,Jude,Blumson,jblumsoncf@skyrock.com,2004-08-07,2170,1,1023
449,Esmaria,Chafer,echafercg@scribd.com,2004-08-01,2110,1,1010
450,Marietta,Rubroe,mrubroech@infoseek.co.jp,1964-11-04,2180,0,1221
451,Beatrice,Godfrey,bgodfreyci@issuu.com,1994-07-26,2140,1,1122
452,Augusto,Saffle,asafflecj@yellowbook.com,1964-04-25,2120,0,1054
453,Davina,O'Moylane,domoylaneck@sphinn.com,1998-01-13,2100,1,1044
454,Berte,Goodwyn,bgoodwyncl@arstechnica.com,1961-12-08,2090,0,1031
455,Gretal,Kippin,gkippincm@blogger.com,2000-05-23,2030,1,1110
456,Ali,Burwin,aburwincn@vistaprint.com,1975-09-05,2160,0,1187
457,Coretta,Sinkin,csinkinco@tripod.com,1966-01-05,2080,0,1019
458,Erhart,Kores,ekorescp@cam.ac.uk,1967-02-20,2200,1,1110
459,Morena,Lennon,mlennoncq@ovh.net,1963-03-04,2070,0,1036
460,Whitney,Dwire,wdwirecr@slashdot.org,1987-02-14,2080,0,1120
461,Aeriela,Andress,aandresscs@theglobeandmail.com,1989-06-10,2070,1,1121
462,Rania,Hawyes,rhawyesct@hc360.com,1978-06-24,2090,0,1161
463,Armstrong,Perago,aperagocu@jimdo.com,1975-10-23,2160,0,1222
464,Wain,Pietrusiak,wpietrusiakcv@sfgate.com,1995-10-27,2190,1,1081
465,Ursulina,Glencros,uglencroscw@nps.gov,1962-03-10,2060,1,1070
466,Jaimie,Pepperell,jpepperellcx@miibeian.gov.cn,2003-01-30,2180,0,1214
467,Ernestine,Gerrie,egerriecy@hugedomains.com,2000-03-01,2040,0,1050
468,Cortie,Kinleyside,ckinleysidecz@free.fr,1974-04-30,2120,0,1220
469,Tore,Greenshiels,tgreenshielsd0@google.de,1997-06-18,2120,1,1109
470,Issiah,Leadbetter,ileadbetterd1@earthlink.net,1968-08-14,2180,1,1223
471,Annabel,Gapper,agapperd2@cpanel.net,2000-12-13,2040,1,1161
472,Stirling,Brackenbury,sbrackenburyd3@cisco.com,1974-08-14,2110,1,1058
473,Ellswerth,Benini,ebeninid4@berkeley.edu,2001-04-01,2030,1,1224
474,Niven,Bedford,nbedfordd5@google.com,2001-10-25,2090,1,1208
475,Benedikt,Marr,bmarrd6@vkontakte.ru,1970-05-16,2070,0,1225
476,Hillery,Baszkiewicz,hbaszkiewiczd7@miibeian.gov.cn,1962-08-19,2110,0,1063
477,Carlene,Eastment,ceastmentd8@spotify.com,1984-04-08,2140,0,1226
478,Willow,Faill,wfailld9@mediafire.com,1982-05-21,2140,1,1109
479,Werner,Ludovici,wludovicida@hatena.ne.jp,2000-04-23,2170,1,1118
480,Anestassia,Ox,aoxdb@cbsnews.com,1989-07-14,2070,1,1195
481,Davis,Powland,dpowlanddc@nsw.gov.au,1991-12-30,2040,1,1227
482,Christopher,Pridham,cpridhamdd@de.vu,1990-08-01,2070,1,1098
483,Colver,Harflete,charfletede@oaic.gov.au,1990-05-15,2100,1,1100
484,Julianne,Lannen,jlannendf@hao123.com,1977-08-06,2070,0,1022
485,Ginger,Beagin,gbeagindg@guardian.co.uk,1988-12-20,2020,1,1137
486,Michaella,Ottosen,mottosendh@comsenz.com,2002-11-03,2030,1,1228
487,Leonore,Mistry,lmistrydi@ed.gov,1969-06-29,2080,1,1079
488,Allayne,Cassy,acassydj@edublogs.org,1964-10-31,2140,0,1229
489,Ilse,Sighard,isigharddk@pagesperso-orange.fr,1984-07-17,2070,1,1230
490,Karrah,Halsworth,khalsworthdl@plala.or.jp,1977-11-13,2180,0,1231
491,Cariotta,Nardoni,cnardonidm@chronoengine.com,1980-09-09,2190,1,1232
492,Lauree,Fulloway,lfullowaydn@constantcontact.com,1988-03-09,2010,1,1080
493,Chariot,Penylton,cpenyltondo@drupal.org,1999-09-27,2160,1,1095
494,Elsi,Kennealy,ekennealydp@rediff.com,1980-12-23,2190,1,1233
495,Elwyn,Wandrey,ewandreydq@hp.com,1961-10-16,2110,1,1211
496,Fifi,Malan,fmalandr@mit.edu,1994-02-14,2150,1,1234
497,Marj,Jarmaine,mjarmaineds@jimdo.com,1987-11-06,2120,1,1044
498,Francis,Wheatcroft,fwheatcroftdt@discovery.com,2001-11-22,2110,0,1033
499,Normand,Ritch,nritchdu@multiply.com,2000-04-05,2180,0,1048
500,Amy,Cino,acinodv@bigcartel.com,1973-10-27,2030,1,1098
501,Georgie,Potte,gpottedw@dailymail.co.uk,1971-08-03,2010,1,1159
502,Guthry,Kirkpatrick,gkirkpatrickdx@surveymonkey.com,1970-07-23,2130,1,1066
503,Rivalee,Pawsey,rpawseydy@paypal.com,1965-06-29,2140,1,1235
504,Zachery,Farrer,zfarrerdz@dedecms.com,1989-11-20,2110,1,1127
505,Moshe,Bestman,mbestmane0@yahoo.co.jp,1990-05-08,2010,1,1095
506,Jory,Beaglehole,jbeagleholee1@eventbrite.com,1975-04-08,2120,1,1066
507,Hali,Oakshott,hoakshotte2@thetimes.co.uk,1990-03-13,2060,0,1043
508,Fara,Berntssen,fberntssene3@purevolume.com,2001-05-28,2200,0,1127
509,Vladimir,Crampsey,vcrampseye4@princeton.edu,1972-03-24,2080,1,1030
510,Franzen,Summerscales,fsummerscalese5@ed.gov,1999-03-12,2170,1,1003
511,Neall,Goodsir,ngoodsire6@mozilla.com,2004-09-05,2100,1,1040
512,Rudie,Jose,rjosee7@instagram.com,1970-11-04,2070,0,1235
513,Xavier,Matsell,xmatselle8@dagondesign.com,1999-12-10,2100,1,1236
514,Jemima,Grayne,jgraynee9@blogger.com,2001-07-31,2010,1,1062
515,Lorna,Bleiman,lbleimanea@yale.edu,1972-12-13,2140,0,1176
516,Gustaf,Thying,gthyingeb@hud.gov,1974-04-26,2200,1,1028
517,Worthy,Cockshott,wcockshottec@canalblog.com,1963-06-20,2140,0,1014
518,Codie,Southan,csouthaned@latimes.com,1995-01-28,2020,1,1012
519,Andrea,Yashunin,ayashuninee@yale.edu,2002-06-12,2160,0,1157
520,Sal,Elloy,selloyef@virginia.edu,1982-04-24,2180,1,1068
521,Jakob,Kytter,jkyttereg@ocn.ne.jp,1965-08-30,2200,0,1055
522,Kerry,Hainge,khaingeeh@360.cn,1984-09-21,2090,1,1003
523,Rayner,Fairebrother,rfairebrotherei@cisco.com,1978-04-14,2190,0,1237
524,Chicky,Passey,cpasseyej@woothemes.com,1980-01-16,2170,1,1062
525,Minnaminnie,Klimkovich,mklimkovichek@odnoklassniki.ru,1979-09-30,2060,0,1084
526,Marnie,Goodwill,mgoodwillel@lycos.com,1984-02-04,2050,1,1122
527,Barnaby,Harrop,bharropem@ovh.net,1974-10-31,2180,1,1030
528,Cornelia,Coker,ccokeren@themeforest.net,1976-08-08,2170,1,1238
529,Marylou,Goalby,mgoalbyeo@mtv.com,1989-11-19,2020,0,1023
530,Hilarius,Martins,hmartinsep@virginia.edu,1994-04-24,2070,0,1046
531,Breena,Dulany,bdulanyeq@bandcamp.com,1981-05-10,2190,0,1033
532,Kirk,Audenis,kaudeniser@miitbeian.gov.cn,1963-01-03,2060,0,1094
533,Felipe,Victoria,fvictoriaes@cpanel.net,1970-05-16,2020,1,1239
534,Jacobo,Albro,jalbroet@statcounter.com,1962-07-08,2180,1,1124
535,Bill,Hardy-Piggin,bhardypiggineu@google.com.hk,2003-05-13,2010,1,1119
536,Whitney,Boyda,wboydaev@uiuc.edu,1989-10-24,2170,1,1240
537,Stevena,Hrynczyk,shrynczykew@scientificamerican.com,1978-05-17,2120,1,1197
538,Florencia,Copins,fcopinsex@canalblog.com,1967-04-26,2160,1,1046
539,Marney,Serck,mserckey@home.pl,1977-10-21,2130,0,1098
540,Jessika,Keynd,jkeyndez@baidu.com,1973-12-17,2150,0,1067
541,Else,Quinlan,equinlanf0@facebook.com,1989-08-30,2140,0,1124
542,Germain,Cundy,gcundyf1@woothemes.com,1990-11-14,2110,0,1241
543,Happy,Fullom,hfullomf2@hubpages.com,1968-10-26,2110,1,1242
544,Emmet,Bullman,ebullmanf3@freewebs.com,1963-10-28,2030,1,1154
545,Dacie,Mehaffey,dmehaffeyf4@imgur.com,1992-02-29,2060,0,1243
546,Galvan,Mulvihill,gmulvihillf5@answers.com,1979-06-26,2180,1,1105
547,Ogdan,Orae,ooraef6@deliciousdays.com,2003-01-28,2180,0,1137
548,Editha,Christofides,echristofidesf7@npr.org,1999-07-02,2100,1,1069
549,Annis,Clousley,aclousleyf8@loc.gov,1985-03-11,2200,0,1081
550,Lynn,Morch,lmorchf9@xrea.com,1972-05-10,2060,1,1161
551,Free,Seeks,fseeksfa@php.net,1991-10-27,2110,1,1127
552,Torin,Spaice,tspaicefb@smh.com.au,1992-11-03,2020,1,1027
553,Brande,Sargeaunt,bsargeauntfc@hc360.com,1983-03-14,2120,1,1065
554,Lanette,Bulcroft,lbulcroftfd@wikimedia.org,1988-03-01,2190,0,1059
555,Kore,Tampling,ktamplingfe@hubpages.com,1994-07-18,2200,1,1136
556,Julita,Yapp,jyappff@themeforest.net,2002-09-16,2060,0,1063
557,Vidovic,Ferber,vferberfg@hp.com,1998-02-11,2120,0,1167
558,Charlotte,Vockins,cvockinsfh@skyrock.com,1993-10-18,2100,0,1244
559,Benetta,Eynald,beynaldfi@google.com,1999-11-25,2140,0,1191
560,Ally,Baglan,abaglanfj@live.com,1986-03-21,2010,1,1042
561,Kassey,Agirre,kagirrefk@taobao.com,1975-12-30,2150,0,1112
562,Ari,Vineall,avineallfl@mit.edu,1962-10-30,2050,1,1075
563,Barnebas,Took,btookfm@flickr.com,1973-10-12,2180,1,1079
564,Silvie,Garvill,sgarvillfn@twitter.com,2001-09-09,2080,1,1245
565,Ofelia,Duthy,oduthyfo@weebly.com,1960-10-31,2030,1,1177
566,Gibb,Roaf,groaffp@reference.com,1971-01-26,2090,1,1170
567,Taddeusz,Riordan,triordanfq@theguardian.com,1971-04-02,2190,0,1246
568,Corry,Keen,ckeenfr@jalbum.net,1993-08-20,2080,0,1060
569,Chelsae,Stanfield,cstanfieldfs@usda.gov,1974-05-06,2170,0,1247
570,Auroora,Greenlees,agreenleesft@techcrunch.com,1988-07-04,2140,0,1098
571,Bree,Emnoney,bemnoneyfu@omniture.com,1960-05-05,2200,0,1075
572,Xavier,Snoddon,xsnoddonfv@marketwatch.com,2003-03-12,2080,1,1120
573,Sheff,Gaylor,sgaylorfw@tinyurl.com,1984-10-11,2030,0,1160
574,Joeann,Arpino,jarpinofx@zimbio.com,1981-01-19,2110,1,1041
575,Mireille,"Van den Velde",mvandenveldefy@tripod.com,1962-07-27,2180,0,1018
576,Daisey,Harcus,dharcusfz@yandex.ru,1968-03-30,2180,1,1248
577,Colline,Peacey,cpeaceyg0@dropbox.com,1986-07-04,2080,1,1069
578,Pattie,Methley,pmethleyg1@irs.gov,1968-03-07,2200,0,1145
579,Melli,Oakenford,moakenfordg2@themeforest.net,1996-10-13,2170,0,1046
580,Lana,Pollie,lpollieg3@tinyurl.com,1963-10-07,2170,0,1242
581,Astrid,Hars,aharsg4@bbc.co.uk,2001-02-09,2010,1,1068
582,Garvey,Alenichev,galenichevg5@hc360.com,1966-06-15,2150,1,1240
583,Bronny,Chessun,bchessung6@mapquest.com,1978-03-31,2170,1,1151
584,Betti,Burnsides,bburnsidesg7@twitpic.com,1965-11-05,2030,0,1074
585,Pembroke,Lambe,plambeg8@slideshare.net,1975-12-04,2100,0,1249
586,Lida,Blakey,lblakeyg9@utexas.edu,2001-12-26,2050,1,1058
587,Archy,Coton,acotonga@epa.gov,1996-04-12,2170,0,1250
588,Heda,Jermyn,hjermyngb@odnoklassniki.ru,1987-02-28,2100,1,1251
589,Marianne,Chattaway,mchattawaygc@typepad.com,1983-01-03,2110,0,1252
590,Kora,Siege,ksiegegd@un.org,1978-08-11,2200,0,1073
591,Cletis,"Del Dello",cdeldelloge@myspace.com,2002-12-01,2170,0,1253
592,Andras,Crowcum,acrowcumgf@macromedia.com,1996-02-23,2110,0,1254
593,Vera,Pien,vpiengg@bing.com,1984-01-12,2060,1,1021
594,Renado,Ride,rridegh@loc.gov,2004-05-21,2170,0,1255
595,Cynthia,Tillard,ctillardgi@squidoo.com,1976-04-30,2180,1,1066
596,Leonhard,Elnough,lelnoughgj@nationalgeographic.com,2004-05-22,2180,0,1063
597,Billy,Petche,bpetchegk@eventbrite.com,1998-08-08,2120,0,1110
598,Davin,Goldsack,dgoldsackgl@1688.com,1987-10-05,2050,0,1019
599,Wilton,Raymont,wraymontgm@cbsnews.com,1986-02-28,2180,0,1146
600,Mercy,Fulle,mfullegn@nationalgeographic.com,1998-05-03,2130,1,1002
601,Zacharia,O'Fearguise,zofearguisego@rakuten.co.jp,1974-10-25,2160,0,1040
602,Inna,Stoakes,istoakesgp@nps.gov,1996-03-20,2070,0,1016
603,Tatum,Mallebone,tmallebonegq@wunderground.com,1983-04-20,2190,1,1256
604,Cinda,Beacom,cbeacomgr@census.gov,1965-07-29,2130,1,1083
605,Waly,Gamlyn,wgamlyngs@liveinternet.ru,1976-09-10,2080,1,1073
606,Timothee,O'dell,todellgt@fotki.com,1961-02-10,2100,0,1110
607,Maitilde,Reboulet,mrebouletgu@ow.ly,1977-02-17,2080,1,1127
608,Katuscha,Lewsy,klewsygv@adobe.com,1971-12-12,2190,1,1204
609,Claudette,Evensden,cevensdengw@seattletimes.com,1965-03-05,2150,1,1257
610,Micheline,Lumsden,mlumsdengx@howstuffworks.com,1989-07-08,2160,1,1081
611,Laurette,Spriggs,lspriggsgy@msn.com,1992-06-04,2120,1,1086
612,Maria,Buyers,mbuyersgz@salon.com,1981-08-15,2170,1,1255
613,Hans,Waud,hwaudh0@reuters.com,2003-06-04,2040,0,1014
614,Jacinthe,Unsworth,junsworthh1@yellowpages.com,1969-01-08,2170,0,1023
615,Der,Lodo,dlodoh2@flavors.me,1985-02-12,2180,0,1034
616,Leoine,Romanet,lromaneth3@dailymotion.com,1969-01-16,2160,0,1258
617,Udall,Ratter,uratterh4@cbc.ca,1989-04-15,2130,1,1235
618,Alice,Anstey,aansteyh5@com.com,1983-02-27,2170,1,1055
619,Leann,Gillson,lgillsonh6@yale.edu,1962-09-01,2020,1,1214
620,Emmeline,Loton,elotonh7@eepurl.com,1966-02-13,2190,1,1259
621,Pancho,Scotchford,pscotchfordh8@washington.edu,1979-03-28,2020,0,1238
622,Jackquelin,Wartonby,jwartonbyh9@rambler.ru,1991-07-12,2090,1,1200
623,Jermaine,Eburne,jeburneha@loc.gov,1991-05-07,2030,0,1260
624,Hali,Rudsdell,hrudsdellhb@live.com,1967-06-04,2190,0,1079
625,Malanie,Loakes,mloakeshc@bigcartel.com,1974-12-22,2050,0,1161
626,Joela,Hargate,jhargatehd@eepurl.com,1980-07-03,2200,0,1214
627,Avictor,Inett,ainetthe@mapquest.com,2002-06-17,2200,1,1137
628,Ebba,Mandre,emandrehf@bluehost.com,1991-10-22,2040,0,1210
629,Nathalie,McLauchlin,nmclauchlinhg@vimeo.com,1997-04-14,2080,1,1237
630,Stacy,Wickman,swickmanhh@comsenz.com,1960-10-14,2180,1,1105
631,Nevin,Medhurst,nmedhursthi@shinystat.com,1968-06-11,2110,0,1250
632,Mallissa,Vedenyapin,mvedenyapinhj@ehow.com,1989-04-21,2050,0,1157
633,Lauren,Longhi,llonghihk@intel.com,1968-05-13,2040,1,1044
634,Mignonne,Mansion,mmansionhl@slate.com,1997-01-29,2190,0,1046
635,Peyton,Naisbit,pnaisbithm@un.org,1964-05-05,2080,1,1014
636,Amata,Bineham,abinehamhn@youtu.be,1999-04-10,2120,1,1027
637,Agace,Ewer,aewerho@imgur.com,1984-11-08,2020,1,1018
638,Elfie,Lionel,elionelhp@wix.com,1980-11-08,2070,1,1129
639,Constancia,Griffen,cgriffenhq@vimeo.com,1981-02-19,2060,1,1261
640,Rosabel,Pepin,rpepinhr@blog.com,1984-06-16,2200,0,1043
641,Hedi,O'Connel,hoconnelhs@ezinearticles.com,1976-10-03,2180,1,1239
642,Pavla,Strowger,pstrowgerht@google.ca,1985-12-12,2170,0,1021
643,Mendie,Pavy,mpavyhu@ibm.com,1974-04-17,2200,0,1222
644,Ivor,Banghe,ibanghehv@squidoo.com,1997-02-01,2070,0,1140
645,Alicia,Jiras,ajirashw@constantcontact.com,1981-03-02,2130,0,1243
646,Klara,Bax,kbaxhx@ftc.gov,1985-08-11,2030,1,1031
647,Charity,Kroger,ckrogerhy@phoca.cz,1986-03-23,2080,0,1023
648,Annabela,Bassindale,abassindalehz@arstechnica.com,2003-07-18,2070,1,1093
649,Pammi,Mattheissen,pmattheisseni0@chicagotribune.com,1988-11-02,2120,1,1019
650,Coleman,Wright,cwrighti1@mozilla.org,1987-04-20,2050,1,1239
651,Zandra,Turfin,zturfini2@twitter.com,1973-12-27,2170,0,1075
652,Jada,Lammiman,jlammimani3@theguardian.com,1995-01-14,2170,0,1051
653,Raffarty,Kaygill,rkaygilli4@ed.gov,1974-05-28,2170,0,1051
654,Mack,Smalles,msmallesi5@google.com.hk,2001-06-11,2030,1,1068
655,Jodie,Brameld,jbrameldi6@dailymail.co.uk,1979-01-09,2010,1,1021
656,Hayward,Forrestor,hforrestori7@scribd.com,1964-09-13,2160,1,1197
657,Jeffy,Anthiftle,janthiftlei8@wiley.com,1966-05-20,2010,1,1204
658,Shirlee,Wagstaff,swagstaffi9@etsy.com,1961-05-21,2120,0,1044
659,Bernadine,Kidsley,bkidsleyia@businessinsider.com,1964-03-30,2070,0,1145
660,Krystyna,Harrie,kharrieib@tinypic.com,1989-06-08,2040,0,1027
661,Iggy,Simonnin,isimonninic@bloomberg.com,1991-10-20,2150,0,1048
662,Curtice,Thormann,cthormannid@mapy.cz,1964-09-25,2140,0,1167
663,Ursala,O'Dougherty,uodoughertyie@nationalgeographic.com,1984-03-18,2190,0,1193
664,Bentlee,Dunge,bdungeif@flavors.me,1996-08-17,2010,1,1034
665,Dalston,Bulstrode,dbulstrodeig@360.cn,1981-12-20,2060,1,1262
666,Chadwick,Beakes,cbeakesih@yandex.ru,1968-02-11,2160,0,1164
667,Darrel,Currao,dcurraoii@accuweather.com,1979-12-12,2030,0,1107
668,Farly,Robard,frobardij@webs.com,1991-09-28,2110,0,1059
669,Ode,Paulillo,opaulilloik@amazonaws.com,1995-05-20,2200,0,1175
670,Pattie,Sugar,psugaril@myspace.com,1988-02-08,2150,0,1186
671,Tarrance,Cowhig,tcowhigim@netlog.com,1985-08-13,2010,1,1024
672,Arabela,Legen,alegenin@facebook.com,1970-09-03,2170,1,1020
673,Sapphire,Pennrington,spennringtonio@quantcast.com,1988-09-07,2010,1,1082
674,Fanchon,Woodberry,fwoodberryip@aol.com,1983-07-23,2190,1,1180
675,Tasha,Braddick,tbraddickiq@washington.edu,1974-07-04,2060,0,1167
676,Bailey,Gallifont,bgallifontir@privacy.gov.au,1985-05-13,2160,1,1057
677,Darnell,Cranstoun,dcranstounis@blogspot.com,1968-09-12,2060,1,1115
678,Emylee,Laurent,elaurentit@cnn.com,1976-05-07,2010,1,1001
679,Margy,Bridgland,mbridglandiu@hhs.gov,1996-06-07,2120,0,1098
680,Sara,Dassindale,sdassindaleiv@baidu.com,1970-12-01,2140,0,1049
681,Catriona,Spinnace,cspinnaceiw@cyberchimps.com,1968-07-14,2050,1,1199
682,Kristian,Wilcockes,kwilcockesix@nbcnews.com,1961-01-17,2130,0,1262
683,Uriel,Blackaby,ublackabyiy@blogspot.com,2003-11-18,2120,1,1011
684,Denyse,Carrick,dcarrickiz@blogtalkradio.com,1992-12-10,2030,1,1189
685,Franz,Edon,fedonj0@techcrunch.com,1996-05-28,2100,1,1022
686,Feodor,Battams,fbattamsj1@sfgate.com,1967-05-08,2150,0,1032
687,Lesley,O'Spillane,lospillanej2@biblegateway.com,1961-02-23,2200,1,1059
688,Gris,Adkins,gadkinsj3@timesonline.co.uk,1970-11-08,2170,1,1263
689,Lorant,Whitecross,lwhitecrossj4@istockphoto.com,1975-03-23,2020,1,1075
690,Vinita,Skey,vskeyj5@salon.com,2002-08-05,2040,1,1264
691,Hortensia,MacCourt,hmaccourtj6@newyorker.com,1981-12-04,2100,1,1096
692,Tan,Leyban,tleybanj7@unesco.org,1970-05-20,2200,0,1034
693,Lesya,Hedde,lheddej8@gov.uk,1966-04-20,2160,1,1049
694,Ilysa,Gye,igyej9@barnesandnoble.com,1996-11-25,2070,1,1107
695,Kristo,Kwiek,kkwiekja@noaa.gov,2000-06-05,2150,0,1012
696,Ritchie,Courvert,rcourvertjb@sakura.ne.jp,1982-10-01,2070,1,1215
697,Efren,Andryszczak,eandryszczakjc@si.edu,1988-01-22,2120,1,1196
698,Craig,Roberti,crobertijd@ezinearticles.com,1986-08-30,2190,0,1167
699,Solly,Cammock,scammockje@odnoklassniki.ru,2004-03-26,2160,1,1075
700,Wilburt,Innot,winnotjf@vkontakte.ru,1962-06-04,2150,1,1084
701,Reggie,Dewbury,rdewburyjg@admin.ch,1962-05-08,2080,1,1265
702,Ennis,Duffield,eduffieldjh@amazon.com,1984-07-13,2100,1,1012
703,Blinnie,Robelet,brobeletji@irs.gov,1994-08-08,2150,0,1266
704,Tonnie,Arnott,tarnottjj@usnews.com,1971-03-30,2170,1,1075
705,Grethel,Kinchington,gkinchingtonjk@ftc.gov,1961-09-26,2180,0,1267
706,Fifi,Dodsley,fdodsleyjl@reference.com,1991-08-04,2080,1,1268
707,Dagny,Greenstead,dgreensteadjm@disqus.com,1969-11-30,2050,0,1073
708,Elisa,Velden,eveldenjn@illinois.edu,2004-08-26,2010,1,1129
709,Cordelie,Demkowicz,cdemkowiczjo@dion.ne.jp,1967-06-14,2080,1,1269
710,Marcellina,Arends,marendsjp@networksolutions.com,1997-06-20,2110,1,1027
711,Klement,Bunclark,kbunclarkjq@purevolume.com,1993-12-13,2170,0,1163
712,Gal,Fratczak,gfratczakjr@vinaora.com,1977-09-25,2180,0,1062
713,Winna,Duddin,wduddinjs@macromedia.com,1978-02-17,2050,1,1105
714,Inglebert,Cluet,icluetjt@nationalgeographic.com,1971-02-18,2150,0,1081
715,Debra,Bogace,dbogaceju@angelfire.com,1962-04-01,2070,0,1270
716,Maurizia,"Le Floch",mleflochjv@nih.gov,1999-08-01,2150,0,1105
717,Gibbie,Rangell,grangelljw@macromedia.com,1988-11-22,2070,0,1152
718,Lia,Duinkerk,lduinkerkjx@miitbeian.gov.cn,1995-08-20,2040,1,1271
719,Nerty,Romain,nromainjy@miibeian.gov.cn,1967-02-01,2090,1,1149
720,Boyd,Teggart,bteggartjz@cdbaby.com,1962-02-04,2110,1,1267
721,Judye,Boater,jboaterk0@sourceforge.net,1987-01-15,2060,0,1075
722,Moritz,Broe,mbroek1@earthlink.net,2002-12-09,2050,1,1014
723,Gradey,Franzoli,gfranzolik2@facebook.com,1970-03-05,2150,1,1104
724,Helaina,Stanyard,hstanyardk3@slideshare.net,1985-10-02,2040,1,1175
725,Scottie,Newlyn,snewlynk4@bandcamp.com,2002-06-11,2030,0,1272
726,Pru,Beranek,pberanekk5@discuz.net,1989-05-26,2120,1,1048
727,Diane,Duligall,dduligallk6@eventbrite.com,1982-06-05,2040,1,1063
728,Tomi,Ivens,tivensk7@home.pl,2000-06-16,2160,0,1267
729,Bryon,Stellino,bstellinok8@angelfire.com,1965-10-16,2120,0,1216
730,Kassi,Kempton,kkemptonk9@slashdot.org,1963-08-07,2090,0,1046
731,Ondrea,Wackly,owacklyka@shutterfly.com,1960-03-14,2200,1,1014
732,Rich,Cordner,rcordnerkb@whitehouse.gov,1990-04-29,2180,1,1167
733,Jamie,Wiggam,jwiggamkc@discuz.net,2004-11-08,2080,0,1267
734,Noelle,Janisson,njanissonkd@smh.com.au,1969-07-18,2180,0,1018
735,Pauli,Errington,perringtonke@washingtonpost.com,1972-06-30,2020,1,1075
736,Dion,Delnevo,ddelnevokf@epa.gov,1971-09-12,2200,1,1140
737,Judith,Hadlington,jhadlingtonkg@ezinearticles.com,1999-01-03,2070,1,1154
738,Nonna,Sier,nsierkh@wunderground.com,1964-05-08,2160,1,1273
739,Nealy,Lesaunier,nlesaunierki@example.com,1998-02-18,2030,1,1044
740,Carine,Gisbey,cgisbeykj@oakley.com,2003-03-14,2130,1,1274
741,Garvy,"Stone Fewings",gstonefewingskk@t-online.de,1968-03-21,2030,1,1275
742,Andre,Fannin,afanninkl@webs.com,1969-04-29,2060,1,1276
743,Gerri,Berkowitz,gberkowitzkm@51.la,2004-01-12,2070,1,1119
744,Ralph,Greenrod,rgreenrodkn@pagesperso-orange.fr,1987-05-14,2200,1,1161
745,Faye,Jenk,fjenkko@google.com.br,1980-10-01,2190,1,1277
746,Dino,Langtry,dlangtrykp@addtoany.com,1972-07-14,2040,0,1001
747,Dolf,Polfer,dpolferkq@ifeng.com,1987-06-29,2180,1,1063
748,Mace,Jakov,mjakovkr@newyorker.com,1975-02-12,2160,1,1210
749,Gillie,Croft,gcroftks@wikimedia.org,1970-10-31,2050,0,1269
750,Dolley,Mackison,dmackisonkt@admin.ch,1992-10-19,2190,0,1269
751,Arlinda,Russell,arussellku@unblog.fr,1975-03-22,2080,0,1278
752,Dierdre,Mullineux,dmullineuxkv@wunderground.com,1969-09-29,2130,1,1279
753,Glyn,Yorkston,gyorkstonkw@huffingtonpost.com,1972-10-27,2080,1,1066
754,Ansel,Graser,agraserkx@ask.com,1964-06-05,2150,1,1280
755,Muhammad,Cockroft,mcockroftky@hugedomains.com,1989-10-18,2010,0,1034
756,Allis,Escalera,aescalerakz@surveymonkey.com,1985-04-25,2080,1,1063
757,Callean,O'Sheilds,cosheildsl0@guardian.co.uk,2001-12-08,2080,0,1125
758,Melinde,Boughen,mboughenl1@independent.co.uk,1981-03-04,2010,0,1213
759,Alford,Stenners,astennersl2@nsw.gov.au,1979-08-17,2180,0,1031
760,Kynthia,Martinez,kmartinezl3@freewebs.com,1961-08-08,2100,0,1109
761,Lonee,Aubert,laubertl4@unblog.fr,1969-06-05,2030,1,1012
762,Dionysus,Wyd,dwydl5@drupal.org,1996-06-30,2060,0,1039
763,Lani,Lighterness,llighternessl6@google.pl,1966-08-23,2130,0,1267
764,Dollie,Sandry,dsandryl7@eepurl.com,1993-09-24,2070,0,1062
765,Pauly,Jailler,pjaillerl8@google.de,1992-05-11,2020,0,1167
766,Jodi,Strachan,jstrachanl9@twitter.com,1964-12-25,2050,0,1272
767,Layne,Camoletto,lcamolettola@state.tx.us,1972-01-25,2180,1,1035
768,Rock,Cosgry,rcosgrylb@soup.io,1994-04-01,2100,0,1276
769,Duane,Corish,dcorishlc@cam.ac.uk,2000-02-22,2200,0,1204
770,Nevin,Bassil,nbassilld@youtube.com,1978-09-22,2040,0,1029
771,Kerwinn,Koppen,kkoppenle@spotify.com,1968-06-18,2070,1,1267
772,Marga,Trunchion,mtrunchionlf@statcounter.com,1992-06-02,2070,0,1281
773,Zia,Zavattero,zzavatterolg@seesaa.net,2001-08-21,2110,0,1282
774,Holt,Bozward,hbozwardlh@economist.com,1963-01-13,2180,0,1081
775,Nicolea,Dufaur,ndufaurli@mtv.com,1978-08-14,2110,0,1012
776,Madella,Justun,mjustunlj@naver.com,1985-10-01,2130,1,1121
777,Tabb,Waplington,twaplingtonlk@unicef.org,1987-11-07,2050,1,1283
778,Hermine,Jankiewicz,hjankiewiczll@boston.com,1977-06-07,2020,1,1104
779,Hieronymus,Southby,hsouthbylm@businesswire.com,1976-01-03,2040,1,1095
780,Beck,Ferreiro,bferreiroln@desdev.cn,1966-04-02,2040,1,1284
781,Danya,Walbrun,dwalbrunlo@drupal.org,1968-03-30,2200,0,1122
782,Evie,Burley,eburleylp@google.co.jp,1972-05-18,2150,0,1203
783,Nata,Giacobo,ngiacobolq@pbs.org,1974-11-07,2190,1,1187
784,Kalli,Barrim,kbarrimlr@answers.com,2005-01-10,2160,1,1285
785,Krysta,Culvey,kculveyls@xrea.com,1973-07-16,2200,0,1286
786,Brianne,O'Lynn,bolynnlt@shareasale.com,1998-07-17,2170,0,1028
787,Blithe,Burnip,bburniplu@independent.co.uk,1967-12-04,2130,1,1109
788,Frederich,Buesnel,fbuesnellv@slate.com,1982-05-16,2110,1,1239
789,Quintin,Dies,qdieslw@nhs.uk,1972-02-17,2090,1,1050
790,Saw,Fairhurst,sfairhurstlx@microsoft.com,1963-05-09,2190,1,1135
791,Fania,Geldard,fgeldardly@psu.edu,1973-11-27,2040,1,1109
792,Marissa,Chester,mchesterlz@craigslist.org,1998-06-08,2080,0,1232
793,Brigitta,Aliman,balimanm0@europa.eu,1995-10-23,2160,1,1066
794,Hollie,Pezey,hpezeym1@sfgate.com,1989-12-09,2080,0,1264
795,Thomasa,Spraggon,tspraggonm2@timesonline.co.uk,1964-11-23,2040,0,1073
796,Justen,Beck,jbeckm3@topsy.com,1967-10-31,2020,1,1287
797,Veronica,Monaghan,vmonaghanm4@myspace.com,1982-03-29,2190,0,1288
798,Shayne,Hearn,shearnm5@narod.ru,1972-10-04,2050,1,1065
799,Sherri,Vesty,svestym6@oaic.gov.au,1979-02-04,2090,0,1035
800,Connie,Leidl,cleidlm7@gov.uk,1994-07-12,2190,1,1190
801,Charyl,Mabbs,cmabbsm8@jiathis.com,1996-02-08,2170,0,1289
802,Nat,Woolner,nwoolnerm9@blogspot.com,1987-08-24,2070,0,1023
803,Petr,Roisen,proisenma@clickbank.net,1974-01-27,2130,1,1041
804,Gran,Bailles,gbaillesmb@ca.gov,1985-05-28,2160,1,1005
805,Thibaud,Grieves,tgrievesmc@jiathis.com,2002-07-15,2100,0,1235
806,Trula,Koop,tkoopmd@youtu.be,2003-03-19,2160,1,1003
807,Ruby,Cone,rconeme@apache.org,1964-09-11,2180,0,1126
808,Stella,Glaisner,sglaisnermf@cdc.gov,1972-03-21,2030,0,1122
809,Ralf,Kield,rkieldmg@blogspot.com,1968-09-21,2130,1,1246
810,Christoffer,Joanic,cjoanicmh@simplemachines.org,1988-12-10,2180,1,1109
811,Padraig,"De Filippo",pdefilippomi@wikispaces.com,1989-02-08,2040,1,1116
812,Annnora,Pinkard,apinkardmj@hhs.gov,1967-10-01,2010,0,1122
813,Ced,Solan,csolanmk@acquirethisname.com,1998-07-31,2090,0,1040
814,Mireielle,Franks,mfranksml@hatena.ne.jp,1980-02-27,2050,0,1003
815,Crin,Dolby,cdolbymm@elpais.com,1985-08-15,2150,1,1130
816,Devon,Stockau,dstockaumn@webmd.com,2002-01-29,2130,1,1048
817,Leontyne,Hartless,lhartlessmo@yellowbook.com,1999-05-20,2070,0,1062
818,Ken,Bonicelli,kbonicellimp@bbb.org,1980-09-07,2160,1,1028
819,Cathlene,Tuffell,ctuffellmq@jiathis.com,1991-07-18,2140,1,1032
820,Glenden,Borzoni,gborzonimr@people.com.cn,1987-06-11,2190,0,1266
821,Elnore,Rowlett,erowlettms@amazon.co.uk,1970-02-11,2190,0,1076
822,Perkin,Meadowcroft,pmeadowcroftmt@yale.edu,1983-10-20,2060,0,1107
823,Sanders,Rookledge,srookledgemu@spotify.com,1977-10-14,2060,0,1104
824,Bobette,Solway,bsolwaymv@i2i.jp,1985-11-27,2140,1,1197
825,Zorah,Rebanks,zrebanksmw@amazon.co.uk,1981-04-03,2050,0,1136
826,Luigi,Mitchener,lmitchenermx@google.com.br,1978-01-16,2030,0,1167
827,Adaline,Crump,acrumpmy@photobucket.com,1989-08-08,2030,1,1290
828,Jessee,"Mac Geaney",jmacgeaneymz@oracle.com,1961-01-14,2090,0,1291
829,Grant,Stillwell,gstillwelln0@stanford.edu,1990-06-04,2140,0,1030
830,Sheila-kathryn,Dudek,sdudekn1@arstechnica.com,1976-12-27,2080,0,1007
831,Hermina,Martygin,hmartyginn2@pinterest.com,1978-02-25,2150,1,1100
832,Ariana,Balke,abalken3@house.gov,1996-09-23,2110,1,1115
833,Georgette,O'Brogane,gobroganen4@wiley.com,1983-09-02,2060,0,1218
834,Fremont,Lindenberg,flindenbergn5@t.co,1965-02-18,2200,1,1240
835,Tina,Zannini,tzanninin6@macromedia.com,1995-01-26,2050,0,1018
836,Othelia,O'Collopy,oocollopyn7@sitemeter.com,1989-06-05,2180,0,1106
837,Ephrem,Caulton,ecaultonn8@printfriendly.com,1978-08-24,2050,1,1067
838,Nissie,Bramah,nbramahn9@youku.com,1979-09-19,2190,0,1126
839,Em,Gorke,egorkena@pcworld.com,1990-12-13,2050,0,1164
840,Kelly,Leynagh,kleynaghnb@naver.com,2001-10-13,2020,1,1292
841,Reynold,Golborn,rgolbornnc@joomla.org,1987-10-22,2070,1,1109
842,Caye,Myott,cmyottnd@163.com,1977-04-25,2110,1,1062
843,Durant,Pie,dpiene@nytimes.com,1967-02-28,2100,0,1017
844,Izaak,Morman,imormannf@webeden.co.uk,1987-08-22,2160,0,1233
845,Oliy,Simonitto,osimonittong@howstuffworks.com,1975-06-12,2120,1,1293
846,Reider,Francisco,rfrancisconh@fda.gov,1967-04-12,2170,1,1190
847,Ginny,Jestico,gjesticoni@lycos.com,1989-02-04,2160,1,1127
848,Cobb,Schober,cschobernj@reuters.com,1981-06-15,2080,1,1221
849,Fernanda,Reboulet,frebouletnk@google.nl,1978-07-08,2040,0,1177
850,Josephina,Goodinson,jgoodinsonnl@opera.com,1970-04-16,2190,1,1240
851,Brittany,Harley,bharleynm@goo.gl,1989-11-28,2190,0,1294
852,Josiah,Murrum,jmurrumnn@microsoft.com,1961-10-13,2140,1,1019
853,Traci,"De Vaar",tdevaarno@homestead.com,1982-10-13,2100,0,1224
854,Kimball,Terran,kterrannp@state.tx.us,1986-05-17,2010,1,1175
855,Costanza,Stieger,cstiegernq@blogspot.com,1960-02-20,2160,0,1062
856,Eadie,Pareman,eparemannr@cnet.com,1968-01-19,2160,1,1295
857,Rebeka,Vobes,rvobesns@ask.com,2003-03-14,2090,0,1083
858,Ezra,Drewell,edrewellnt@forbes.com,1969-08-12,2120,1,1040
859,Aeriela,Vahey,avaheynu@cbc.ca,2002-02-03,2050,0,1023
860,Anni,Antic,aanticnv@bloglovin.com,1993-09-07,2010,0,1063
861,Sander,Digle,sdiglenw@google.nl,2003-10-17,2140,0,1176
862,Geri,Austin,gaustinnx@slate.com,1963-07-30,2110,1,1150
863,Mady,Pickup,mpickupny@addtoany.com,1974-11-04,2190,1,1258
864,Loralyn,Bowshire,lbowshirenz@addthis.com,1976-06-24,2040,0,1241
865,Cherilynn,Arangy,carangyo0@cornell.edu,1971-07-29,2030,1,1042
866,Constance,Riolfi,criolfio1@ucsd.edu,2000-03-04,2200,0,1124
867,Marielle,Sadgrove,msadgroveo2@ehow.com,1971-12-29,2020,1,1296
868,Roseanne,Philpault,rphilpaulto3@examiner.com,1984-06-30,2110,0,1012
869,Dante,Montez,dmontezo4@census.gov,1982-07-05,2110,1,1109
870,Almeria,Wankling,awanklingo5@woothemes.com,1995-08-24,2040,1,1033
871,Olly,Jerdein,ojerdeino6@de.vu,1965-11-14,2180,1,1182
872,Cullan,O'Cuddie,cocuddieo7@rediff.com,1961-03-07,2170,1,1084
873,Hakim,Feldfisher,hfeldfishero8@livejournal.com,1976-10-02,2160,1,1010
874,Juana,Onslow,jonslowo9@nyu.edu,1964-08-04,2010,0,1297
875,Linnie,Marris,lmarrisoa@shinystat.com,2002-01-10,2130,1,1154
876,Sayres,Veltman,sveltmanob@geocities.com,1972-09-24,2090,0,1298
877,Myles,Gherardelli,mgherardellioc@marketwatch.com,1974-05-27,2070,0,1161
878,Bord,Hillatt,bhillattod@list-manage.com,1975-02-13,2050,0,1025
879,Doria,Scotting,dscottingoe@vinaora.com,1979-02-01,2060,1,1253
880,Darsie,Fleetwood,dfleetwoodof@sohu.com,2003-08-01,2100,1,1109
881,Nicol,Popeley,npopeleyog@studiopress.com,1997-11-14,2200,0,1044
882,Bryanty,Tomkies,btomkiesoh@delicious.com,1975-07-10,2170,1,1062
883,Charlie,Collcott,ccollcottoi@netvibes.com,1985-04-25,2060,1,1228
884,Fionna,Paskins,fpaskinsoj@ezinearticles.com,1976-11-08,2180,1,1020
885,Brigitte,Witsey,bwitseyok@seesaa.net,2002-07-11,2030,0,1062
886,Roselin,Bielfeld,rbielfeldol@globo.com,1978-12-22,2130,1,1073
887,Christine,Juzek,cjuzekom@mtv.com,1995-11-09,2040,0,1031
888,Beck,Beton,bbetonon@nasa.gov,1966-05-25,2020,1,1062
889,Ange,Demougeot,ademougeotoo@surveymonkey.com,1987-06-06,2040,0,1267
890,Roseline,Ketts,rkettsop@jiathis.com,1990-12-28,2180,1,1299
891,Beverley,Painter,bpainteroq@ucsd.edu,1970-02-26,2110,0,1049
892,Beitris,Commins,bcomminsor@ow.ly,1998-03-24,2050,1,1171
893,Leonelle,Reagan,lreaganos@nbcnews.com,1994-05-29,2060,1,1300
894,Flore,Minger,fmingerot@bloomberg.com,1994-12-05,2030,0,1012
895,Elfrida,Wyper,ewyperou@fastcompany.com,1964-01-10,2100,0,1049
896,Hortensia,Kobelt,hkobeltov@ucoz.ru,1975-05-17,2090,0,1162
897,Hyacintha,Gheorghescu,hgheorghescuow@goo.ne.jp,1985-07-09,2180,1,1122
898,Eartha,Wilkins,ewilkinsox@blog.com,1984-04-20,2120,1,1301
899,Ky,Deabill,kdeabilloy@vistaprint.com,1972-10-18,2170,0,1222
900,Avery,Bloxland,abloxlandoz@delicious.com,1997-06-24,2090,1,1302
901,Frederick,Armfirld,farmfirldp0@senate.gov,1998-02-20,2120,1,1055
902,Noll,Lelievre,nlelievrep1@google.fr,1998-02-25,2080,1,1235
903,Kyrstin,Kinchington,kkinchingtonp2@etsy.com,1990-02-04,2140,1,1018
904,Rochester,Vayne,rvaynep3@tamu.edu,2003-07-26,2020,0,1109
905,Ram,Pidwell,rpidwellp4@nationalgeographic.com,2004-07-10,2060,0,1256
906,Jorey,Stallybrass,jstallybrassp5@paypal.com,1963-09-04,2020,0,1243
907,Clint,Cardinal,ccardinalp6@businessinsider.com,1971-05-18,2040,0,1012
908,Dag,Meldon,dmeldonp7@squidoo.com,1983-04-18,2030,1,1033
909,Michail,Matys,mmatysp8@surveymonkey.com,1999-09-30,2020,0,1003
910,Perry,Scampion,pscampionp9@timesonline.co.uk,1994-08-15,2120,1,1062
911,Cass,Killich,ckillichpa@pinterest.com,2000-12-22,2060,1,1150
912,Clayson,Tossell,ctossellpb@themeforest.net,1978-09-01,2020,1,1303
913,Arney,Hunnable,ahunnablepc@senate.gov,1984-06-13,2180,0,1075
914,Teddy,McGarahan,tmcgarahanpd@nhs.uk,1968-01-19,2150,1,1066
915,Collete,Bedward,cbedwardpe@si.edu,1999-09-11,2140,1,1177
916,Daron,Bourrel,dbourrelpf@theguardian.com,1971-03-14,2040,1,1022
917,Tobiah,Pavic,tpavicpg@nbcnews.com,1983-10-27,2110,0,1304
918,Sky,Vatini,svatiniph@photobucket.com,1969-05-29,2130,0,1156
919,Gerladina,Phidgin,gphidginpi@cam.ac.uk,1981-12-08,2090,0,1063
920,Guthrie,Jostan,gjostanpj@last.fm,1989-01-27,2100,1,1153
921,Mohammed,Diplock,mdiplockpk@washington.edu,1974-02-15,2070,1,1167
922,Noreen,Bissett,nbissettpl@tuttocitta.it,1963-12-23,2200,0,1034
923,Creighton,Grahame,cgrahamepm@springer.com,1968-04-26,2090,1,1012
924,Gavin,Craigheid,gcraigheidpn@walmart.com,1999-07-29,2090,0,1305
925,Goober,Hounsom,ghounsompo@istockphoto.com,2002-01-15,2010,0,1025
926,Vikki,Marcam,vmarcampp@sakura.ne.jp,2002-03-26,2060,1,1256
927,Lana,Cosley,lcosleypq@newsvine.com,1969-06-30,2190,1,1213
928,Jeff,Cooke,jcookepr@soup.io,1980-07-08,2010,1,1036
929,Vevay,Ambresin,vambresinps@psu.edu,2000-07-24,2070,1,1129
930,Humfried,Becaris,hbecarispt@networkadvertising.org,1998-04-30,2100,0,1055
931,Dorie,Ellaway,dellawaypu@reference.com,1974-05-07,2150,0,1153
932,Sansone,Rival,srivalpv@archive.org,1983-10-02,2100,0,1002
933,Donielle,Scates,dscatespw@devhub.com,1981-06-24,2190,0,1170
934,Cindra,Lavalle,clavallepx@histats.com,1970-10-20,2110,0,1044
935,Andros,Santacrole,asantacrolepy@dailymail.co.uk,1994-12-29,2190,0,1199
936,Myca,Croizier,mcroizierpz@comcast.net,1967-05-04,2070,0,1024
937,Grady,Brotherhead,gbrotherheadq0@t-online.de,1970-02-08,2130,0,1049
938,Cobbie,Jeaves,cjeavesq1@jugem.jp,1976-01-07,2120,0,1224
939,Carin,Whenham,cwhenhamq2@artisteer.com,1988-06-09,2140,0,1010
940,Rees,Whatsize,rwhatsizeq3@wp.com,1997-01-18,2190,0,1033
941,Charo,Haskell,chaskellq4@jigsy.com,1968-03-06,2020,1,1193
942,Trumann,Wollard,twollardq5@mlb.com,1989-03-16,2190,1,1105
943,Chiarra,Shorton,cshortonq6@tinypic.com,1969-02-19,2120,1,1017
944,Warde,Segges,wseggesq7@usa.gov,1970-06-19,2070,1,1246
945,Mohammed,Doud,mdoudq8@ted.com,1971-08-07,2060,1,1306
946,Hyatt,Whiles,hwhilesq9@nature.com,1981-09-16,2170,0,1282
947,Glen,Isgar,gisgarqa@rakuten.co.jp,1997-07-14,2150,0,1307
948,Kaitlin,Moret,kmoretqb@sourceforge.net,1998-12-03,2020,1,1210
949,Abramo,Ragsdall,aragsdallqc@sciencedirect.com,1962-12-23,2190,0,1057
950,Lilas,Jillitt,ljillittqd@newsvine.com,1998-01-19,2140,0,1139
951,Willyt,Trahearn,wtrahearnqe@apache.org,1984-09-26,2170,1,1167
952,Wenona,Myhill,wmyhillqf@alibaba.com,1965-02-21,2150,1,1129
953,Siward,Fricker,sfrickerqg@soup.io,1964-03-06,2080,1,1136
954,Karleen,Carlon,kcarlonqh@shutterfly.com,1966-12-25,2160,1,1062
955,Normie,"De la Feld",ndelafeldqi@kickstarter.com,1960-10-06,2010,1,1023
956,Evey,Vell,evellqj@ibm.com,1998-11-28,2150,1,1308
957,Scotty,Bines,sbinesqk@spiegel.de,1971-10-08,2010,0,1309
958,Kaia,Cardenosa,kcardenosaql@epa.gov,1966-12-21,2090,1,1049
959,Bili,Temporal,btemporalqm@geocities.com,1999-12-26,2160,0,1028
960,Ardis,Mossop,amossopqn@mapquest.com,1992-11-02,2110,0,1002
961,Georgine,Ovesen,govesenqo@is.gd,2003-07-27,2050,0,1110
962,Helaina,Klimshuk,hklimshukqp@jiathis.com,2001-07-29,2050,1,1075
963,Lance,Fellgett,lfellgettqq@msu.edu,1978-03-11,2110,1,1253
964,Leticia,MacGaughy,lmacgaughyqr@printfriendly.com,2000-06-16,2030,1,1027
965,Jarib,Fewell,jfewellqs@icio.us,1966-06-08,2200,1,1287
966,Agnella,Pettis,apettisqt@apache.org,1987-02-17,2170,1,1187
967,Robyn,Muris,rmurisqu@histats.com,1992-10-31,2130,1,1024
968,Colan,O'Fairy,cofairyqv@last.fm,2002-12-05,2040,1,1029
969,Nicolea,McLanachan,nmclanachanqw@shareasale.com,2001-08-14,2100,0,1087
970,Mariya,Mayers,mmayersqx@arizona.edu,1989-07-25,2120,0,1213
971,Cliff,Endrici,cendriciqy@macromedia.com,1986-04-13,2110,1,1272
972,Tann,Mottinelli,tmottinelliqz@hp.com,1998-11-05,2170,1,1110
973,Vito,Spread,vspreadr0@vinaora.com,1962-10-09,2050,1,1310
974,Corette,Gavagan,cgavaganr1@vkontakte.ru,1977-09-02,2180,1,1066
975,Curt,Ajsik,cajsikr2@pcworld.com,1996-10-28,2020,1,1164
976,Madalyn,Shade,mshader3@yandex.ru,1976-02-15,2190,0,1066
977,Gussie,Lambillion,glambillionr4@comsenz.com,1969-07-13,2140,1,1142
978,Gregoire,Boni,gbonir5@github.com,2000-09-17,2170,1,1246
979,Babb,Castelin,bcastelinr6@github.com,1965-05-12,2040,0,1064
980,Germana,Kalisz,gkaliszr7@ezinearticles.com,1992-08-15,2120,0,1170
981,Charlot,Dobsons,cdobsonsr8@walmart.com,2003-09-19,2010,0,1311
982,Romeo,Burndred,rburndredr9@webs.com,1975-07-06,2170,1,1107
983,Jandy,Alves,jalvesra@ameblo.jp,1989-01-18,2100,0,1002
984,Samaria,Novik,snovikrb@shutterfly.com,1987-10-19,2030,1,1139
985,Germain,Skellorne,gskellornerc@hud.gov,1978-09-03,2150,0,1013
986,Binny,Jurkowski,bjurkowskird@time.com,1979-10-20,2140,0,1312
987,Antony,Filippyev,afilippyevre@ihg.com,1965-09-28,2180,1,1017
988,Felicio,Gianulli,fgianullirf@soundcloud.com,1979-02-08,2020,1,1009
989,Thebault,Cullingford,tcullingfordrg@yellowpages.com,1969-12-16,2140,1,1002
990,Marven,Bexley,mbexleyrh@fastcompany.com,1991-10-02,2150,1,1058
991,Nathalie,Marlor,nmarlorri@va.gov,1971-07-01,2020,0,1112
992,Kiley,Brabender,kbrabenderrj@istockphoto.com,1969-04-08,2100,0,1313
993,Shelley,Deas,sdeasrk@wix.com,1963-09-15,2020,0,1034
994,Fabe,Goose,fgooserl@imdb.com,1988-06-01,2090,0,1227
995,Darbie,Cushelly,dcushellyrm@geocities.com,1979-10-12,2180,0,1140
996,Wallie,Raleston,wralestonrn@unblog.fr,1980-05-10,2060,0,1079
997,Brice,Kelmere,bkelmerero@bing.com,1974-05-29,2140,0,1109
998,Lorry,Robbie,lrobbierp@51.la,1988-03-19,2160,1,1175
999,Keelby,Rountree,krountreerq@stumbleupon.com,1961-03-07,2170,1,1314
1000,Rikki,Ashford,rashfordrr@hexun.com,1976-10-03,2060,1,1116